track_id,artists,album_name,track_name,popularity,duration_ms,explicit,danceability,energy,key,loudness,mode,speechiness,acousticness,instrumentalness,liveness,valence,tempo,time_signature,track_genre
4jPy3l0RUwlUI9T5XHBW2m,"24kGoldn,iann dior",El Dorado,Mood (feat. iann dior),83,140533,True,0.701,0.716,7,-3.671,0,0.0361,0.174,0.0,0.324,0.732,91.007,4,pop
3JwxpSpGaXmGqLwWN6D6eC,"6ix9ine,Nicki Minaj",TattleTales,TROLLZ (with Nicki Minaj),64,202666,True,0.744,0.422,1,-8.946,1,0.294,0.0319,0.00011,0.11,0.493,180.006,4,emo
7z5G2LOdV8okZn4yWg3q5g,"A1 x J1,Tion Wayne",Night Away (Dance) (feat. Tion Wayne),Night Away (Dance) (feat. Tion Wayne),75,175774,True,0.706,0.552,5,-9.479,0,0.0833,0.235,0.0,0.144,0.835,142.037,4,chill
5cjVsWqIkBQC7acTRhL0RO,"Aastha Gill,Sachin Sanghvi,Jigar Saraiya,Divya Kumar",Stree,Kamariya,65,187982,False,0.825,0.666,4,-4.847,0,0.0554,0.143,2.81e-06,0.237,0.763,96.987,4,pop
2kQuhkFX7uSVepCD3h29g5,"Akon,Eminem",Konvicted,Smack That,81,212360,True,0.939,0.742,5,-5.171,0,0.0467,0.321,0.0,0.107,0.924,118.978,4,dance
09gysnJpfQ3ublBmJDfcEC,"Amaarae,Kali Uchis,Moliy",SAD GIRLZ LUV MONEY Remix (feat. Kali Uchis and Moliy),SAD GIRLZ LUV MONEY Remix (feat. Kali Uchis and Moliy),79,204763,True,0.87,0.523,1,-8.052,0,0.0602,0.433,2.07e-05,0.113,0.319,110.02,4,alternative
5lYLBAH2uSvERWy8GAcBJz,"Amaarae,Kali Uchis,Moliy,xxtristanxo",SAD GIRLZ LUV MONEY Remix (feat. Kali Uchis and Moliy) [Slowed + Reverb],SAD GIRLZ LUV MONEY Remix (feat. Kali Uchis and Moliy) - Slowed + Reverb,57,138646,True,0.774,0.579,10,-6.2,0,0.0699,0.343,0.0,0.131,0.418,92.399,4,alternative
0biCSADTAblvLTLtJz4pXO,"Vishal-Shekhar,Arijit Singh,Jaideep Sahni",Befikre,Nashe Si Chadh Gayi,69,237875,False,0.799,0.784,4,-5.207,0,0.0519,0.11,2.84e-06,0.227,0.26,96.953,4,pop
5MhsZlmKJG6X5kTHkdwC4B,"AronChupa,Little Sis Nora",I'm an Albatraoz,I'm an Albatraoz,72,166848,True,0.883,0.817,0,-5.414,1,0.235,0.601,0.00449,0.11,0.595,128.078,4,swedish
2x0RZdkZcD8QRI53XT4GI5,"Avicii,Aloe Blacc",TIM,SOS (feat. Aloe Blacc),72,157202,False,0.802,0.645,5,-6.181,0,0.0715,0.272,0.0,0.119,0.376,100.001,4,edm
4OQFlJOSID2AzpmOcuDlJl,"B Praak,Nawazuddin Siddiqui,Sunanda Sharma",Baarish Ki Jaaye,Baarish Ki Jaaye,63,251428,False,0.524,0.765,3,-2.625,0,0.184,0.319,0.0,0.332,0.475,157.487,3,pop
576v1keY82NOPITMNu0wD2,"B Praak,Akshay Kumar,Nupur Sanon,Ammy Virk",Filhaal2 Mohabbat,Filhaal2 Mohabbat,67,300196,False,0.574,0.578,9,-3.188,0,0.0343,0.296,0.0,0.114,0.274,85.186,4,pop
0gzu5mm36VJH2Zqu8sQPTf,"Badshah,Payal Dev",Genda Phool (feat. Payal Dev),Genda Phool (feat. Payal Dev),62,170769,False,0.955,0.538,1,-8.394,1,0.0734,0.132,0.00146,0.0704,0.837,116.977,4,hip-hop
1KVczjazCcCCgM3gXXUl47,"benny blanco,Juice WRLD,Brendon Urie",FRIENDS KEEP SECRETS,Roses (with Juice WRLD feat. Brendon Urie),70,223542,True,0.612,0.601,8,-7.089,1,0.164,0.168,0.0,0.117,0.525,147.018,4,electro
1cdbkpZ3q1KYZDNSrOpdkb,"BLACKPINK,Selena Gomez",THE ALBUM,Ice Cream (with Selena Gomez),70,175813,False,0.791,0.733,9,-3.852,1,0.35,0.0305,0.000169,0.0423,0.913,159.974,4,k-pop
02VBYrHfVwfEWXk5DXyf0T,"Bruno Mars,Anderson .Paak,Silk Sonic",An Evening With Silk Sonic,Leave The Door Open,84,242096,False,0.586,0.616,5,-7.964,1,0.0324,0.182,0.0,0.0927,0.719,148.088,4,dance
7lrqvdivAYRGEiO8JFP31G,"BTS,Halsey",MAP OF THE SOUL : 7,Boy With Luv (Feat. Halsey),70,229773,False,0.645,0.862,11,-4.761,0,0.0845,0.0933,0.0,0.193,0.803,119.947,4,k-pop
07qrA1FxZpXy383wX3IDEb,"BTS,Halsey",Proof,Boy With Luv (Feat. Halsey),69,229773,False,0.645,0.862,11,-4.761,0,0.0845,0.0933,0.0,0.193,0.803,119.947,4,k-pop
5tsZgJv9QqdrIqxU9piCku,"Calvin Harris,Dua Lipa,R3HAB",One Kiss (with Dua Lipa) [Remixes],One Kiss (with Dua Lipa) - R3HAB Remix,58,190866,False,0.59,0.919,9,-3.314,0,0.146,0.158,0.000214,0.0595,0.133,126.926,4,progressive-house
7b4vbqgzMhbFa0wdjfftQJ,"Calvin Harris,Dua Lipa,Oliver Heldens",One Kiss (with Dua Lipa) [Remixes],One Kiss (with Dua Lipa) - Oliver Heldens Remix,56,281266,False,0.717,0.752,0,-6.933,1,0.065,0.251,0.000468,0.0802,0.14,123.97,4,progressive-house
7FliZx9wTDb0U1tPfS7AuX,"Calvin Harris,Dua Lipa,Valentino Khan",One Kiss (with Dua Lipa) [Remixes],One Kiss (with Dua Lipa) - Valentino Khan Remix,45,251428,False,0.829,0.664,7,-4.191,1,0.0435,0.169,0.000927,0.262,0.432,126.017,4,progressive-house
2mQ7KmAI8gFLH3baaDXc6o,"Calvin Harris,Disciples,DJ Snake",How Deep is Your Love (DJ Snake Remix),How Deep is Your Love - DJ Snake Remix,41,222400,False,0.616,0.903,9,-0.475,1,0.0938,0.015,0.00102,0.141,0.446,149.93,4,progressive-house
3Lv3frZVXU7Q0JEFvLIzWW,"Calvin Harris,Sam Smith,David Guetta",Promises (with Sam Smith) [Remixes],Promises (with Sam Smith) - David Guetta Remix,58,190416,False,0.588,0.697,3,-4.744,0,0.0372,0.186,0.000219,0.103,0.225,125.157,4,progressive-house
5itOtNx0WxtJmi1TQ3RuRd,"Calvin Harris,Rag'n'Bone Man",Giant (with Rag'n'Bone Man),Giant (with Rag'n'Bone Man),73,229184,False,0.807,0.887,1,-4.311,0,0.0361,0.016,0.000503,0.0811,0.606,122.015,4,progressive-house
1Ol5LmdNDNpFu1oNwfgkux,"Camilo,Pedro Capó",Por Primera Vez,Tutu,65,179339,False,0.727,0.838,9,-2.435,1,0.0472,0.297,0.0,0.0603,0.933,145.995,4,reggaeton
58q2HKrzhC3ozto2nDdN4z,"Cardi B,Bad Bunny,J Balvin",Invasion of Privacy,I Like It,79,253390,True,0.816,0.726,5,-3.998,0,0.129,0.099,0.0,0.372,0.65,136.048,4,dance
5Odq8ohlgIbQKMZivbWkEo,"Charlie Puth,Jung Kook,BTS",CHARLIE,Left and Right (Feat. Jung Kook of BTS),75,154486,False,0.881,0.592,2,-4.898,1,0.0324,0.619,1.32e-05,0.0901,0.719,101.058,4,dance
1tGq9MNEmWGevwtiBCdrbk,"Charlie Puth,Jung Kook,BTS",CHARLIE,Left and Right (Feat. Jung Kook of BTS),66,154486,False,0.881,0.592,2,-4.898,1,0.0324,0.619,1.32e-05,0.0901,0.719,101.058,4,dance
2wrJq5XKLnmhRXHIAf9xBa,"Dan + Shay,Justin Bieber","10,000 Hours (with Justin Bieber)","10,000 Hours (with Justin Bieber)",78,167693,False,0.654,0.63,10,-4.644,1,0.0259,0.153,0.0,0.111,0.43,89.991,4,country
4j5ffIFh7bFT7GZciP1TCy,"Dan + Shay,Justin Bieber",Good Things,"10,000 Hours (with Justin Bieber)",70,167693,False,0.654,0.63,10,-4.644,1,0.0259,0.149,0.0,0.111,0.43,89.991,4,country
6HjF1gzVEZMb4GplnGl9B3,"Dan + Shay,Justin Bieber","10,000 Hours (with Justin Bieber) [Piano]","10,000 Hours (with Justin Bieber) - Piano",61,172320,False,0.426,0.366,10,-6.514,1,0.0312,0.765,0.0,0.117,0.386,179.736,4,country
4CMrdHWqic0usIZfTrKoI3,"DaniLeigh,Chris Brown",Easy (Remix),Easy,73,186586,False,0.799,0.301,7,-11.361,1,0.185,0.195,0.0,0.0816,0.511,100.026,4,latin
1WCEAGGRD066z2Q89ObXTq,"David Guetta,Becky Hill,Ella Henderson",Crazy What Love Can Do,Crazy What Love Can Do,85,169756,False,0.601,0.713,4,-3.758,0,0.0449,0.0282,0.0,0.158,0.464,122.872,4,edm
0mJTAdmY8olbGQjopDYff3,"Dhvani Bhanushali,Nikhil D'Souza,Tanishk Bagchi",Vaaste,Vaaste,69,196043,False,0.444,0.479,5,-5.586,1,0.0436,0.454,0.0,0.095,0.315,89.892,4,pop
5lXY6PTuWXOludKy4zDQwM,"Diplo,SIDEPIECE",On My Mind,On My Mind,63,189268,False,0.771,0.731,7,-6.574,1,0.0409,0.00165,0.633,0.217,0.635,123.026,4,house
57kR5SniQIbsbVoIjjOUDa,"DJ Snake,AlunaGeorge",You Know You Like It,You Know You Like It,70,247266,False,0.407,0.725,5,-5.346,0,0.188,0.0141,2.46e-06,0.306,0.247,196.093,4,electronic
1zi7xx7UVEFkmKfv06H8x0,"Drake,Wizkid,Kyla",Views,One Dance,85,173986,False,0.792,0.625,1,-5.609,1,0.0536,0.00776,0.0018,0.329,0.37,103.967,4,hip-hop
40iJIUlhi6renaREYGeIDS,"Drake,Travis Scott",Certified Lover Boy,Fair Trade (with Travis Scott),83,291175,True,0.666,0.465,1,-8.545,1,0.26,0.0503,0.0,0.215,0.292,167.937,4,hip-hop
3F5CgOj3wFlRv51JsHbxhe,"Drake,21 Savage","Honestly, Nevermind",Jimmy Cooks (feat. 21 Savage),91,218364,True,0.529,0.673,0,-4.711,1,0.175,0.000307,2.41e-06,0.093,0.366,165.921,4,hip-hop
3F5CgOj3wFlRv51JsHbxhe,"Drake,21 Savage","Honestly, Nevermind",Jimmy Cooks (feat. 21 Savage),91,218364,True,0.529,0.673,0,-4.711,1,0.175,0.000307,2.41e-06,0.093,0.366,165.921,4,hip-hop
1I4lCSP69P74nU3a6Su5L2,"Duke & Jones,Louis Theroux",Jiggle Jiggle,Jiggle Jiggle,77,97208,False,0.864,0.412,1,-5.886,1,0.273,0.458,0.00087,0.124,0.654,99.992,4,dance
03a359wbiUsjN9h6yzXvmS,"Duki,KHEA",She Don't Give a Fo,She Don't Give a Fo,82,209531,False,0.854,0.556,1,-4.49,1,0.14,0.345,0.0,0.165,0.342,119.938,4,latino
0QULNNd9z5s35entfiiXoa,"Elle King,Miranda Lambert",Drunk (And I Don't Wanna Go Home),Drunk (And I Don't Wanna Go Home),75,245625,False,0.612,0.884,5,-4.4,1,0.0459,0.00516,0.0,0.0997,0.626,119.991,4,blues
5TJEBoTCDbJXiKMdCN9pd3,"Elton John,Britney Spears",The Lockdown Sessions,Hold Me Closer,74,202245,False,0.659,0.772,0,-4.595,1,0.11,0.0748,0.000346,0.187,0.484,126.018,4,piano
5jQXOC8ShgkFMahTEYPoQq,"Elton John,Britney Spears",Hold Me Closer (Joel Corry Remix),Hold Me Closer,52,202245,False,0.665,0.769,0,-4.586,1,0.112,0.0854,0.000169,0.185,0.495,126.042,4,piano
6JIC3hbC28JZKZ8AlAqX8h,"Elton John,Dua Lipa,PNAU",The Lockdown Sessions,Cold Heart - PNAU Remix,83,202735,False,0.795,0.8,1,-6.32,1,0.0309,0.0354,7.25e-05,0.0915,0.934,116.032,4,rock
5hw7bUv7NtrsepLROgIxLl,"Elton John,Dua Lipa,PS1",Cold Heart (PS1 Remix),Cold Heart - PS1 Remix,64,166674,False,0.655,0.877,10,-5.791,0,0.0526,0.00191,0.0,0.117,0.628,121.921,4,piano
4xkOaSrkexMciUUogZKVTS,"Eminem,Nate Dogg",The Eminem Show,Till I Collapse,86,297786,True,0.548,0.847,1,-3.237,1,0.186,0.0622,0.0,0.0816,0.1,171.447,4,hip-hop
15JINEqzVMv3SvJTAXAKED,"Eminem,Rihanna",Recovery,Love The Way You Lie,83,263373,True,0.749,0.925,10,-5.034,1,0.227,0.241,0.0,0.52,0.641,86.989,4,hip-hop
7FIWs0pqAYbP91WWM0vlTQ,"Eminem,Juice WRLD",Music To Be Murdered By,Godzilla (feat. Juice WRLD),83,210800,True,0.808,0.745,10,-5.26,0,0.342,0.145,0.0,0.292,0.829,165.995,4,hip-hop
637bsehtpL2oJruOEL6lZ7,"Enrique Iglesias,Descemer Bueno,Gente De Zona",SEX AND LOVE (Deluxe),Bailando - Spanish Version,55,243413,False,0.723,0.777,7,-3.503,1,0.108,0.0426,3.68e-06,0.0451,0.961,91.017,4,latin
6BcMcVax12vNuOqnPOayZ1,"Enrique Iglesias,Sean Paul,Descemer Bueno,Gente De Zona",S** AND LOVE,Bailando - English Version,49,243240,False,0.719,0.844,7,-3.529,1,0.103,0.0793,0.0,0.0551,0.941,90.951,4,latin
7nKBxz47S9SD79N086fuhn,"Enrique Iglesias,Descemer Bueno,Zion & Lennox",SUBEME LA RADIO (feat. Descemer Bueno & Zion & Lennox),SUBEME LA RADIO (feat. Descemer Bueno & Zion & Lennox),70,207680,False,0.688,0.822,0,-3.304,1,0.0537,0.0642,0.0,0.241,0.66,91.011,4,latin
493Rk3iS7rs8uPfpnfm95u,"Farruko,Victor Cardenas,Dj Adoni",El Incomprendido,El Incomprendido,71,267546,True,0.754,0.841,11,-3.19,1,0.135,0.113,0.0,0.466,0.541,128.019,4,latino
33CFCErrSDgJKZiqhv5B7s,"Fetty Wap,Remy Boyz",679 (feat. Remy Boyz),679 (feat. Remy Boyz),54,196184,False,0.577,0.833,11,-2.888,0,0.343,0.00411,0.0,0.0709,0.697,189.723,4,j-dance
59nOXPmaKlBfGMDeOVGrIK,"Future,Drake,Tems",I NEVER LIKED YOU,WAIT FOR U (feat. Drake & Tems),89,189893,True,0.463,0.642,1,-4.474,1,0.34,0.314,0.0,0.0686,0.339,83.389,4,hip-hop
64dLd6rVqDLtkXFYrEUHIU,"Gorillaz,Tame Impala,Bootie Brown",New Gold (feat. Tame Impala and Bootie Brown),New Gold (feat. Tame Impala and Bootie Brown),82,215149,True,0.695,0.923,1,-3.93,0,0.0522,0.0425,0.0469,0.116,0.551,108.014,3,alternative
1orM67pmkNc4alrZkWjYkV,"Guru Randhawa,Nikhita Gandhi,Tanishk Bagchi,Nora Fatehi",Naach Meri Rani,Naach Meri Rani,63,212692,False,0.676,0.488,1,-5.091,1,0.154,0.0613,0.0,0.0707,0.151,97.036,4,hip-hop
4ylWMuGbMXNDgDd8lErEle,"Hugh Jackman,Keala Settle,Zac Efron,Zendaya,The Greatest Showman Ensemble",The Greatest Showman (Original Motion Picture Soundtrack),The Greatest Show,72,302146,False,0.417,0.824,11,-7.36,0,0.105,0.000239,0.0545,0.0725,0.4,157.92,4,show-tunes
43ay9lQZ5rfNcOOHhRF2cM,"Hugh Jackman,Keala Settle,Zac Efron,Zendaya,The Greatest Showman Ensemble",The Greatest Show,The Greatest Show,59,302146,False,0.417,0.824,11,-7.36,0,0.105,0.000239,0.0545,0.0725,0.4,157.92,4,show-tunes
50WeOnXhM1H7AZEeIDoWfZ,"Idina Menzel,Evan Rachel Wood",Frozen 2 (Original Motion Picture Soundtrack/Deluxe Edition),Show Yourself,70,260906,False,0.321,0.429,6,-7.073,1,0.0302,0.724,9.1e-05,0.0606,0.174,123.419,4,show-tunes
1r9xUipOqoNwggBpENDsvJ,"Imagine Dragons,JID,Arcane,League of Legends",Enemy (with JID) [from the series Arcane League of Legends],Enemy (with JID) - from the series Arcane League of Legends,86,173381,False,0.728,0.783,11,-4.424,0,0.266,0.237,0.0,0.434,0.555,77.011,4,rock
3CIyK1V4JEJkg02E4EJnDl,"Imagine Dragons,JID,Arcane,League of Legends",Mercury - Acts 1 & 2,Enemy (with JID) - from the series Arcane League of Legends,82,173381,False,0.728,0.783,11,-4.424,0,0.266,0.237,0.0,0.434,0.555,77.011,4,rock
5UlnuulVAVmmesw4VzqHdG,"Imagine Dragons,Arcane,League of Legends",Enemy (from the series Arcane League of Legends),Enemy - From the series Arcane League of Legends,80,173381,False,0.722,0.745,7,-4.164,1,0.256,0.247,0.0,0.419,0.52,77.029,4,rock
1r9xUipOqoNwggBpENDsvJ,"Imagine Dragons,JID,Arcane,League of Legends",Enemy (with JID) [from the series Arcane League of Legends],Enemy (with JID) - from the series Arcane League of Legends,86,173381,False,0.728,0.783,11,-4.424,0,0.266,0.237,0.0,0.434,0.555,77.011,4,rock
3CIyK1V4JEJkg02E4EJnDl,"Imagine Dragons,JID,Arcane,League of Legends",Mercury - Acts 1 & 2,Enemy (with JID) - from the series Arcane League of Legends,82,173381,False,0.728,0.783,11,-4.424,0,0.266,0.237,0.0,0.434,0.555,77.011,4,rock
5UlnuulVAVmmesw4VzqHdG,"Imagine Dragons,Arcane,League of Legends",Enemy (from the series Arcane League of Legends),Enemy - From the series Arcane League of Legends,80,173381,False,0.722,0.745,7,-4.164,1,0.256,0.247,0.0,0.419,0.52,77.029,4,rock
2ykXJ9QVwx9Li8nsW0h6b2,"INNA,Sean Paul",UP,UP,70,148944,False,0.812,0.712,0,-5.993,0,0.0452,0.01,0.0,0.108,0.85,98.029,4,house
2MbdDtCv5LUVjYy9RuGTgC,"Jack Harlow,Tory Lanez,DaBaby,Lil Wayne","WHATS POPPIN (feat. DaBaby, Tory Lanez & Lil Wayne) [Remix]","WHATS POPPIN (feat. DaBaby, Tory Lanez & Lil Wayne) - Remix",76,227478,True,0.904,0.723,11,-5.224,0,0.26,0.0631,0.0,0.185,0.835,145.013,4,k-pop
5fXslGZPI5Cco6PKHzlSL3,"Jasmine Sandlas,Garry Sandhu,Tanishk Bagchi,Intense","Illegal Weapon 2.0 (From ""Street Dancer 3D"")","Illegal Weapon 2.0 (From ""Street Dancer 3D"")",67,188606,False,0.805,0.919,1,-1.294,1,0.0938,0.101,0.00343,0.0598,0.494,94.993,4,pop
6kex4EBAj0WHXDKZMEJaaF,"Jason Derulo,Nicki Minaj,Ty Dolla $ign",Swalla (feat. Nicki Minaj & Ty Dolla $ign),Swalla (feat. Nicki Minaj & Ty Dolla $ign),76,216408,True,0.696,0.817,1,-3.862,1,0.109,0.075,0.0,0.187,0.782,98.064,4,dance
4TgxFMOn5yoESW6zCidCXL,"Jawsh 685,Jason Derulo,BTS",Savage Love (Laxed - Siren Beat) [BTS Remix],Savage Love (Laxed – Siren Beat) [BTS Remix],73,184905,True,0.758,0.598,0,-5.695,0,0.0868,0.16,0.0,0.295,0.658,149.836,4,pop
4iJyoBOLtHqaGxP12qzhQI,"Justin Bieber,Daniel Caesar,Giveon",Justice,Peaches (feat. Daniel Caesar & Giveon),86,198081,True,0.677,0.696,0,-6.181,1,0.119,0.321,0.0,0.42,0.464,90.03,4,pop
5sbooPcNgIE22DwO0VNGUJ,"K/DA,Madison Beer,(G)I-DLE,Jaira Burns,League of Legends",POP/STARS,POP/STARS,73,191100,False,0.566,0.769,7,-4.342,1,0.0872,0.0183,0.0,0.108,0.385,170.036,4,k-pop
7zVCrzzEJU7u24sbJPXA5W,"Kane Brown,Lauren Alaina",Kane Brown,What Ifs (feat. Lauren Alaina),72,188253,False,0.612,0.799,10,-4.603,1,0.0275,0.00898,0.0,0.172,0.687,125.976,4,country
5f1joOtoMeyppIcJGZQvqJ,"Kane Brown,Swae Lee,Khalid",Be Like That (feat. Swae Lee & Khalid),Be Like That - feat. Swae Lee & Khalid,75,191406,False,0.727,0.626,7,-8.415,1,0.0726,0.0469,2.58e-05,0.126,0.322,86.97,4,country
1brnLTvarI9D1hLP6z2Ar8,"Kane Brown,Katelyn Brown",Different Man,Thank God,78,174560,False,0.738,0.455,3,-8.735,1,0.0352,0.695,0.0,0.107,0.441,99.945,4,country
2FSGUA0gFgGeQdprjtGM2M,"KAROL G,Mariah Angeliq",KG0516,EL MAKINON,79,209160,False,0.635,0.706,5,-3.224,0,0.125,0.256,0.0,0.108,0.443,88.863,4,reggaeton
45aBsnKRWUzhwbcqOJLwfe,"Keala Settle,The Greatest Showman Ensemble",The Greatest Showman (Original Motion Picture Soundtrack),This Is Me,74,234706,False,0.284,0.704,2,-7.276,1,0.186,0.00583,0.000115,0.0424,0.1,191.702,4,show-tunes
2xGjteMU3E1tkEPVFBO08U,"Keala Settle,The Greatest Showman Ensemble",This Is Me,This Is Me,66,234706,False,0.284,0.704,2,-7.276,1,0.186,0.00583,0.000115,0.0424,0.1,191.702,4,show-tunes
2g6tReTlM2Akp41g0HaeXN,"Kendrick Lamar,Blxst,Amanda Reifer",Mr. Morale & The Big Steppers,Die Hard,82,239026,True,0.775,0.736,1,-8.072,0,0.247,0.319,0.00116,0.127,0.362,100.988,4,hip-hop
5xYC48nOppVemY6U5GRGTb,"David Guetta,Kid Cudi",One More Love,Memories (feat. Kid Cudi),77,210853,False,0.546,0.916,8,-3.932,1,0.255,0.00144,4.34e-06,0.251,0.375,129.983,4,edm
58wyJLv6yH1La9NIZPl3ne,"Kina,Adriana Proenza",Can We Kiss Forever?,Can We Kiss Forever?,77,187931,False,0.522,0.128,4,-18.717,1,0.0357,0.894,0.026,0.0941,0.124,109.986,4,sad
10jQXhaM4w42AQtznpO5zB,"Kina,Adriana Proenza",Things I Wanted To Tell You - Instrumental,Can We Kiss Forever? - Instrumental,45,187994,False,0.521,0.184,4,-21.421,1,0.0442,0.902,0.924,0.0966,0.0416,110.083,4,sad
58wyJLv6yH1La9NIZPl3ne,"Kina,Adriana Proenza",Can We Kiss Forever?,Can We Kiss Forever?,77,187931,False,0.522,0.128,4,-18.717,1,0.0357,0.894,0.026,0.0941,0.124,109.986,4,sad
10jQXhaM4w42AQtznpO5zB,"Kina,Adriana Proenza",Things I Wanted To Tell You - Instrumental,Can We Kiss Forever? - Instrumental,45,187994,False,0.521,0.184,4,-21.421,1,0.0442,0.902,0.924,0.0966,0.0416,110.083,4,sad
1A8j067qyiNwQnZT0bzUpZ,"Kungs,Cookin' On 3 Burners",Layers,This Girl (Kungs Vs. Cookin' On 3 Burners),77,195546,False,0.792,0.717,0,-4.759,0,0.0393,0.0927,3.59e-05,0.226,0.466,121.985,4,house
6oJ6le65B3SEqPwMRNXWjY,"Kygo,Whitney Houston",Higher Love,Higher Love,76,228267,False,0.693,0.678,8,-7.159,1,0.0324,0.0151,5.71e-06,0.101,0.404,103.952,4,edm
2VxeLyX666F8uXCJ0dZF8B,"Lady Gaga,Bradley Cooper",A Star Is Born Soundtrack,Shallow,84,215733,False,0.572,0.385,7,-6.362,1,0.0308,0.371,0.0,0.231,0.323,95.799,4,dance
6cmm1LMvZdB5zsCwX5BjqE,"Jay Sean,Lil Wayne",All Or Nothing,Down,78,212506,False,0.727,0.68,2,-4.498,1,0.0286,0.0101,0.0,0.0821,0.728,132.012,4,dance
6dbSBQXCctYSVryynHXaZ4,"Lil Dicky,Chris Brown",Freaky Friday (feat. Chris Brown),Freaky Friday (feat. Chris Brown),45,216631,True,0.755,0.599,8,-5.042,1,0.224,0.147,0.0,0.109,0.755,133.123,4,comedy
5Z9KJZvQzH6PFmb8SNkxuk,"Lil Nas X,Jack Harlow",MONTERO,INDUSTRY BABY (feat. Jack Harlow),81,212352,True,0.741,0.691,10,-7.395,0,0.0672,0.0221,0.0,0.0476,0.892,150.087,4,hip-hop
5Z9KJZvQzH6PFmb8SNkxuk,"Lil Nas X,Jack Harlow",MONTERO,INDUSTRY BABY (feat. Jack Harlow),81,212352,True,0.741,0.691,10,-7.395,0,0.0672,0.0221,0.0,0.0476,0.892,150.087,4,hip-hop
4jvjzW7Hm0yK4LvvE0Paz9,"Lil Peep,XXXTENTACION","Come Over When You're Sober, Pt. 2",Falling Down - Bonus Track,81,196400,True,0.669,0.574,4,-6.442,0,0.0286,0.0175,0.00294,0.146,0.273,120.013,4,emo
1dg3qy5DjoJodawfOCgrTP,"Lil Tjay,Offset,Moneybagg Yo",Destined 2 Win,Run It Up (feat. Offset & Moneybagg Yo),78,232048,True,0.88,0.575,6,-6.091,1,0.163,0.415,0.0,0.109,0.671,120.031,4,r-n-b
5pmvv42h1bcK3frE8CEblt,"Lil Tjay,Offset,Moneybagg Yo",Destined 2 Win,Run It Up (feat. Offset & Moneybagg Yo),63,232048,True,0.88,0.575,6,-6.091,1,0.163,0.415,0.0,0.109,0.671,120.031,4,r-n-b
4eNOLmx8r2IJAVKvBBL1jv,"Lil Tjay,Polo G,Fivio Foreign",Destined 2 Win,Headshot (feat. Polo G & Fivio Foreign),75,144349,True,0.808,0.639,1,-7.266,0,0.279,0.0802,0.0,0.15,0.395,118.0,4,r-n-b
7Bk0uXKk1uPT0XuQbpFzvs,"Los Legendarios,Wisin,Jhay Cortez",Los Legendarios 001,Fiel,75,261665,False,0.849,0.701,6,-4.407,0,0.06,0.407,0.0,0.112,0.505,98.005,4,reggaeton
7nFJSfGvvV0WjatTZN6QYi,"Luciano,Aitch,BIA",Bamba (feat. Aitch & BIA),Bamba (feat. Aitch & BIA),84,203255,False,0.798,0.806,10,-5.841,1,0.355,0.145,0.0,0.13,0.82,138.082,4,german
7sJNeWTXkZCEC7OnFMpGWL,"Luciano,Aitch,BIA",Majestic,Bamba (feat. Aitch & BIA),75,203560,False,0.797,0.791,10,-6.281,1,0.33,0.119,0.0,0.113,0.828,138.026,4,german
6rPO02ozF3bM7NnOV4h6s2,"Luis Fonsi,Daddy Yankee,Justin Bieber",Despacito Feat. Justin Bieber (Remix),Despacito - Remix,72,228826,False,0.653,0.816,2,-4.353,1,0.167,0.228,0.0,0.0967,0.816,178.085,4,latin
1vnnXMrBeEWiRg3YCMCjQq,"Luis Fonsi,Daddy Yankee,Justin Bieber",VIDA,Despacito - Remix,70,230413,False,0.649,0.798,2,-4.346,1,0.178,0.226,0.0,0.0711,0.857,177.899,4,latin
6rPO02ozF3bM7NnOV4h6s2,"Luis Fonsi,Daddy Yankee,Justin Bieber",Despacito Feat. Justin Bieber (Remix),Despacito - Remix,72,228826,False,0.653,0.816,2,-4.353,1,0.167,0.228,0.0,0.0967,0.816,178.085,4,latin
1vnnXMrBeEWiRg3YCMCjQq,"Luis Fonsi,Daddy Yankee,Justin Bieber",VIDA,Despacito - Remix,70,230413,False,0.649,0.798,2,-4.346,1,0.178,0.226,0.0,0.0711,0.857,177.899,4,latin
0mlAOSILGRys2IbvyOT5VJ,"Luis Fonsi,Demi Lovato",VIDA,Échame La Culpa,73,173800,False,0.733,0.897,0,-3.652,1,0.0389,0.0391,0.0,0.117,0.649,96.006,4,latin
0YU17F0BlVXvmx5ytsR43w,"LUM!X,Gabry Ponte",Monster,Monster,72,154226,False,0.83,0.794,8,-6.279,0,0.432,0.0253,0.0248,0.106,0.607,128.16,4,house
6lknMmJZALXxx7emwwZWLX,"Madonna,Sickick",Frozen,Frozen,76,120157,False,0.706,0.633,1,-9.584,1,0.0419,0.267,0.0192,0.175,0.375,110.005,4,dance
27rdGxbavYJeBphck5MZAF,"Mark Ronson,Miley Cyrus",Nothing Breaks Like a Heart (feat. Miley Cyrus),Nothing Breaks Like a Heart (feat. Miley Cyrus),78,217466,False,0.601,0.794,7,-5.844,0,0.0671,0.00987,1.36e-06,0.388,0.244,114.066,4,dance
1XGmzt0PVuFgQYYnV2It7A,"Maroon 5,Wiz Khalifa",Overexposed Track By Track,Payphone,84,231173,True,0.743,0.752,4,-4.813,1,0.0414,0.0188,0.0,0.287,0.545,110.015,4,pop
6IQCmIGaOxzjNNcwScETVD,"Marshmello,Anne-Marie",Speak Your Mind (Deluxe),FRIENDS,51,202620,True,0.626,0.88,9,-2.384,0,0.0504,0.205,0.0,0.128,0.534,95.079,4,progressive-house
4hPpVbbakQNv8YTHYaOJP4,"Marshmello,Kane Brown",One Thing Right,One Thing Right,74,181823,False,0.659,0.625,4,-2.253,1,0.045,0.0644,0.0,0.582,0.442,88.042,4,edm
3QNG9RhD93ypeMp3DUmkaO,"Marshmello,Halsey,Surf Mesa",Be Kind (with Halsey) [Surf Mesa Remix],Be Kind (with Halsey) [Surf Mesa Remix],57,174289,False,0.684,0.677,4,-5.398,1,0.0426,0.0305,0.0,0.093,0.494,113.12,4,progressive-house
27mw0pQTrbuhGSdwKvGIho,"Marshmello,Jonas Brothers",Summer Love,Leave Before You Love Me,50,154983,False,0.724,0.744,7,-4.757,1,0.0398,0.00219,4.49e-06,0.116,0.645,119.978,4,progressive-house
389MC596K4IN35zaHAyuYz,"Martin Garrix,Dua Lipa,Brooks",Scared To Be Lonely Remixes Vol. 1,Scared To Be Lonely - Brooks Remix,56,200624,False,0.604,0.796,1,-2.416,0,0.0597,0.0126,0.0,0.106,0.225,127.991,4,progressive-house
55nMnifaQWKe3f9cbwOXwx,"Martin Garrix,Macklemore,Fall Out Boy,Tiësto",Summer Days (feat. Macklemore & Patrick Stump of Fall Out Boy) [Remixes],Summer Days (feat. Macklemore & Patrick Stump of Fall Out Boy) - Tiësto Remix,53,255238,False,0.69,0.78,5,-4.446,0,0.0594,0.00733,0.00183,0.0729,0.238,126.07,4,progressive-house
2MlOUXmcofMackX3bxfSwi,"Master KG,Nomcebo Zikode",Jerusalema,Jerusalema (feat. Nomcebo Zikode),74,342612,False,0.88,0.483,1,-7.012,1,0.0505,0.0185,8.68e-06,0.0607,0.827,124.009,4,house
0G2zPzWqVjR68iNPmx2TBe,"Mora,Bad Bunny,Sech",Volando (Remix),Volando - Remix,83,273474,True,0.659,0.688,6,-4.649,1,0.0673,0.207,0.0,0.113,0.632,153.979,4,latino
5jt25aFjW2kNoBqaEVaz5W,"Mora,Feid",MICRODOSIS,LA INOCENTE,89,202173,True,0.757,0.789,5,-3.46,0,0.0583,0.307,0.0,0.0717,0.464,91.911,4,latino
2hLXUbsOU9cDb9RFva9FYr,"Mora,Jhayco",MICRODOSIS,MEMORIAS,85,228750,False,0.771,0.707,2,-6.404,0,0.055,0.389,0.0,0.0745,0.317,127.963,4,latino
5x72Q1SyiDHJ4IF2mRzfkg,"Neha Kakkar,Tanishk Bagchi","Gali Gali (From ""Kgf Chapter 1"")","Gali Gali (From ""Kgf Chapter 1"")",66,174711,False,0.789,0.95,5,-3.604,0,0.0759,0.191,1.41e-05,0.0969,0.746,126.013,4,pop
4cFwhwH5ydnHgB0Tv3lZsm,"Neha Kakkar,Tulsi Kumar,B Praak,Tanishk Bagchi,Vishal-Shekhar","O Saki Saki (From ""Batla House"")","O Saki Saki (From ""Batla House"")",67,191089,False,0.737,0.961,10,-0.155,0,0.0747,0.163,0.0,0.361,0.567,108.014,4,pop-film
4XeIiGpUBshIfs9yrBDVZC,"ODESZA,Bettye LaVette",The Last Goodbye (feat. Bettye LaVette),The Last Goodbye (feat. Bettye LaVette),72,358983,False,0.667,0.92,9,-2.71,1,0.0773,0.00752,0.00232,0.126,0.146,114.977,4,chill
2gQK13gXYZRq2MgvPJyHx8,"ODESZA,Bettye LaVette",The Last Goodbye,The Last Goodbye (feat. Bettye LaVette),65,358983,False,0.667,0.92,9,-2.71,1,0.0773,0.00752,0.00232,0.126,0.146,114.977,4,chill
73vIOb4Q7YN6HeJTbscRx5,"Oliver Tree,Robin Schulz",Miss You,Miss You,87,206000,True,0.587,0.742,6,-6.64,0,0.0529,0.0128,0.00107,0.146,0.199,145.007,4,alternative
73vIOb4Q7YN6HeJTbscRx5,"Oliver Tree,Robin Schulz",Miss You,Miss You,87,206000,True,0.587,0.742,6,-6.64,0,0.0529,0.0128,0.00107,0.146,0.199,145.007,4,alternative
5y7DaS3jAc9eZzcSOoUIwU,"Ozuna,J Balvin,Chencho Corleone",Enoc,Una Locura,76,230693,False,0.714,0.761,5,-4.596,0,0.0427,0.139,0.00035,0.241,0.906,168.022,4,latino
0JAZWvvqttGFm4UMDsPQXC,"Ozuna,Camilo",Enoc,Despeinada,70,224186,False,0.734,0.775,8,-3.855,1,0.0614,0.186,0.000542,0.123,0.72,166.039,4,latino
5y7DaS3jAc9eZzcSOoUIwU,"Ozuna,J Balvin,Chencho Corleone",Enoc,Una Locura,76,230693,False,0.714,0.761,5,-4.596,0,0.0427,0.139,0.00035,0.241,0.906,168.022,4,latino
0kTMK4gNFfLXaTb62w1UaJ,"Pablo Pesadilla,Polimá Westcoast,Nickoog Clk,Fran C",BABY OTAKU,BABY OTAKU,88,176470,True,0.835,0.747,9,-4.65,1,0.083,0.0492,0.0,0.055,0.432,102.003,4,latino
2TzyJEUfWHGRsk3r6Emvbk,"Param Singh,Kamal Kahlon,Pratik Studio",Daru Badnaam,Daru Badnaam,68,185333,False,0.541,0.676,8,-3.893,0,0.153,0.442,0.0,0.159,0.845,90.037,4,pop
7eJMfftS33KTjuF7lTsMCx,"Powfu,beabadoobee",death bed (coffee for your head),death bed (coffee for your head),83,173333,False,0.726,0.431,8,-8.765,0,0.135,0.731,0.0,0.696,0.348,144.026,4,sad
5TEH4r5OBFcKZJBjF4qOxL,"Powfu,beabadoobee",poems of the past,death bed (coffee for your head),53,173333,False,0.725,0.431,3,-8.765,0,0.135,0.731,0.0,0.696,0.348,144.004,4,sad
6VBhH7CyP56BXjp8VsDFPZ,"Pritam,Arijit Singh,Amitabh Bhattacharya","Kesariya (From ""Brahmastra"")","Kesariya (From ""Brahmastra"")",88,268164,False,0.577,0.574,0,-6.525,1,0.0278,0.572,0.0,0.1,0.436,94.009,4,indian
0IGXY47K2ha3AHfX57wY1O,"Pritam,Arijit Singh,Amitabh Bhattacharya,Jonita Gandhi","Deva Deva (From ""Brahmastra"")","Deva Deva (From ""Brahmastra"")",79,279107,False,0.534,0.721,0,-7.636,1,0.0427,0.634,0.000877,0.1,0.439,112.062,4,indian
4Hv055xg1SZZgwwGBx8Cr5,"Pritam,Shreya Ghoshal,TUSHAR JOSHI","Rasiya (From ""Brahmastra"")","Rasiya (From ""Brahmastra"")",74,265063,False,0.54,0.796,4,-7.538,1,0.0521,0.371,0.00165,0.11,0.636,78.99,4,indian
5OcGETO7eEKjKme4gm0r7y,"Pritam,Arijit Singh,Amitabh Bhattacharya","Dance Ka Bhoot (From ""Brahmastra"")","Dance Ka Bhoot (From ""Brahmastra"")",74,245735,False,0.632,0.929,6,-5.297,1,0.128,0.0503,0.0,0.271,0.584,136.008,4,indian
46NYX9zIml71qtfYYjakTI,"Pritam,Arijit Singh,Amitabh Bhattacharya","Kesariya Audio Teaser (From ""Brahmastra"")","Kesariya Audio Teaser (From ""Brahmastra"")",66,44698,False,0.56,0.634,0,-8.803,1,0.031,0.435,0.00435,0.0983,0.465,94.024,4,indian
7ut6ZuyNo2OYnGDwlheIch,"Pritam,Shashwat Singh,Antara Mitra,Arijit Singh","Kesariya (Dance Mix) [From ""Brahmastra""]","Kesariya (From ""Brahmastra"") - Dance Mix",64,197400,False,0.7,0.699,10,-4.193,0,0.0531,0.45,0.0,0.103,0.567,100.037,4,indian
5XbHpOBN1vTU3hN1YzLqHL,"Pritam,Sid Sriram","Theethiriyaai [From ""Brahmastra (Tamil)""]","Theethiriyaai (From ""Brahmastra (Tamil)"")",63,278377,False,0.562,0.595,0,-7.124,1,0.0314,0.715,0.000166,0.108,0.403,93.993,4,indian
1F0i0Ynrv28aAvycSLsugZ,"Pritam,Sanjith Hegde,Sid Sriram","Kesariya Rangu [From ""Brahmastra (Kannada)""]","Kesariya Rangu (From ""Brahmastra (Kannada)"")",59,278377,False,0.555,0.596,0,-7.278,1,0.0298,0.665,1.05e-05,0.108,0.352,94.2,4,indian
2Py3ZHBP8K8BfJQgZUypPi,"Pritam,Sreerama Chandra,Arijit Singh,Jonita Gandhi","Deva Deva [From ""Brahmastra (Telugu)""]","Deva Deva (From ""Brahmastra (Telugu)"")",54,276964,False,0.559,0.709,0,-7.219,1,0.0396,0.664,0.000119,0.117,0.417,112.01,4,indian
02WBEBJJX1R2UrYSUrAPi6,"Pritam,Nakash Aziz","Allari Motha [From ""Brahmastra (Telugu)""]","Allari Motha (From ""Brahmastra (Telugu)"")",53,245735,False,0.654,0.934,6,-4.67,1,0.119,0.0428,0.0,0.249,0.656,135.991,4,indian
1iuAKcOYX0TtIM6EbKPbTW,"Pritam,Arijit Singh,Amitabh Bhattacharya","Rasiya Reprise (From ""Brahmastra"")","Rasiya Reprise (From ""Brahmastra"")",51,285000,False,0.34,0.606,4,-8.517,1,0.0379,0.798,0.00205,0.0963,0.268,151.383,4,indian
0wKiyi7AlxyLo3fiVPX454,"Pritam,Sanjith Hegde,Arijit Singh,Jonita Gandhi","Deva Deva [From ""Brahmastra (Kannada)""]","Deva Deva (From ""Brahmastra (Kannada)"")",46,276964,False,0.56,0.73,0,-7.485,1,0.0377,0.645,0.00143,0.135,0.506,112.052,4,indian
564TO0pifHnkdekrTmMI89,"Pritam,Sid Sriram,Arijit Singh,Jonita Gandhi","Deva Deva [From ""Brahmastra (Tamil)""]","Deva Deva (From ""Brahmastra (Tamil)"")",45,276964,False,0.56,0.728,0,-7.151,1,0.0445,0.653,0.00662,0.104,0.393,112.045,4,indian
7GNRUsU3M4XNDDB9xle5Dz,"PSY,SUGA",PSY 9th,That That (prod. & feat. SUGA of BTS),81,174646,False,0.905,0.962,4,-3.197,1,0.0856,0.0299,0.0,0.0272,0.906,129.969,4,hip-hop
0HNDr5c2IOIvfe8DPwjVO9,"Purple Disco Machine,Sophie and the Giants",Exotica,Hypnotized,59,195704,False,0.689,0.812,11,-5.084,0,0.0995,0.0977,0.000308,0.109,0.706,108.064,4,deep-house
4grVkAtmqIipynBu8D9v6G,"Purple Disco Machine,Sophie and the Giants",Hypnotized,Hypnotized,58,195704,False,0.689,0.813,11,-5.084,0,0.0998,0.0969,0.000232,0.11,0.704,108.065,4,deep-house
2lGzRg9ccRTa2gllTvy2w7,"Purple Disco Machine,Sophie and the Giants",In the Dark,In the Dark,53,185564,False,0.694,0.767,6,-5.532,0,0.049,0.0464,4.53e-05,0.0812,0.758,115.933,4,deep-house
7x5xYW5W42OGPAdHUyyguy,"R. City,Adam Levine",What Dreams Are Made Of,Locked Away (feat. Adam Levine),78,227480,False,0.509,0.671,1,-5.709,1,0.0678,0.304,0.0,0.0452,0.55,118.413,5,reggae
0sQLhT32E9ZG2zn5iYR6nN,"R. City,Adam Levine",Locked Away (feat. Adam Levine),Locked Away (feat. Adam Levine),62,227280,False,0.508,0.677,1,-5.696,1,0.0656,0.328,0.0,0.0491,0.575,121.928,5,reggae
0A37XY67wSdGqkGjtfW6aV,"Rauw Alejandro,Anuel AA,Natti Natasha,Farruko,Lunay",Fantasias (Remix) [feat. Farruko & Lunay],Fantasias - Remix,67,267241,False,0.816,0.72,1,-4.454,1,0.0684,0.206,0.0,0.277,0.78,94.004,4,latino
6mmPpaltUZK7xjNlBPQQ0p,"Rauw Alejandro,Chencho Corleone",VICE VERSA,Desesperados,83,224996,True,0.869,0.694,1,-3.35,0,0.0783,0.356,0.00125,0.0878,0.511,90.02,4,latino
6ZOcbKub95XSDESsKKuH41,"Rauw Alejandro,Chencho Corleone",Desesperados,Desesperados,83,224996,True,0.869,0.694,1,-3.35,0,0.0783,0.356,0.00125,0.0878,0.511,90.02,4,latino
0WtM2NBVQNNJLh6scP13H8,"Rema,Selena Gomez",Calm Down (with Selena Gomez),Calm Down (with Selena Gomez),92,239317,False,0.801,0.806,11,-5.206,1,0.0381,0.382,0.000669,0.114,0.802,106.999,4,pop
079Ey5uxL04AKPQgVQwx5h,"Selena Gomez,Rauw Alejandro",Revelación - EP,Baila Conmigo (with Rauw Alejandro),75,186087,False,0.823,0.544,5,-7.132,1,0.0715,0.0215,0.00315,0.0966,0.664,149.903,4,dance
2Sh4sAOfnSHEVKFyysxzat,"Shakira,Rihanna",Shakira. (Expanded Edition),Can't Remember to Forget You (feat. Rihanna),75,206866,False,0.694,0.81,11,-3.556,0,0.0661,0.122,0.0,0.141,0.824,137.968,4,latin
2rurDawMfoKP4uHyb2kJBt,"Shakira,Rauw Alejandro",Te Felicito,Te Felicito,90,172235,False,0.695,0.636,5,-4.654,1,0.317,0.234,0.0,0.081,0.575,174.14,4,latin
0LcLOyu9n5qRTeax5IdewO,"Sean Paul,Sia",Scorcha,Dynamite (feat. Sia),63,212668,False,0.624,0.86,8,-3.012,1,0.124,0.0704,0.0,0.0819,0.816,100.897,4,dancehall
4xigPf2sigSPmuFH3qCelB,"Sia,Diplo,Labrinth,LSD","LABRINTH, SIA & DIPLO PRESENT... LSD","Genius (feat. Sia, Diplo, and Labrinth)",76,213706,False,0.603,0.615,11,-4.931,0,0.165,0.0799,6.72e-05,0.117,0.561,158.657,4,dance
5HQVUIKwCEXpe7JIHyY734,"Snoop Dogg,Wiz Khalifa,Bruno Mars","Young, Wild & Free (feat. Bruno Mars)","Young, Wild & Free (feat. Bruno Mars)",78,207333,True,0.715,0.655,0,-6.425,1,0.137,0.0525,0.0,0.115,0.531,95.078,4,funk
6YbhspuOar1D9WSSnfe7ds,"Snoop Dogg,Wiz Khalifa,Bruno Mars",Mac and Devin Go to High School (Music from and Inspired by the Movie),"Young, Wild & Free (feat. Bruno Mars)",68,207346,False,0.553,0.652,0,-6.685,1,0.206,0.0897,0.0,0.111,0.551,94.505,4,funk
5HQVUIKwCEXpe7JIHyY734,"Snoop Dogg,Wiz Khalifa,Bruno Mars","Young, Wild & Free (feat. Bruno Mars)","Young, Wild & Free (feat. Bruno Mars)",78,207333,True,0.715,0.655,0,-6.425,1,0.137,0.0525,0.0,0.115,0.531,95.078,4,funk
6YbhspuOar1D9WSSnfe7ds,"Snoop Dogg,Wiz Khalifa,Bruno Mars",Mac and Devin Go to High School (Music from and Inspired by the Movie),"Young, Wild & Free (feat. Bruno Mars)",68,207346,False,0.553,0.652,0,-6.685,1,0.206,0.0897,0.0,0.111,0.551,94.505,4,funk
5nsET7aVWXu017lsQjRFCV,"Stebin Ben,Nilesh Ahuja,Kumaar",Thoda Thoda Pyaar,Thoda Thoda Pyaar,74,244724,False,0.706,0.527,5,-8.706,0,0.0269,0.139,0.000169,0.112,0.144,103.008,4,pop
1GjRIaC1VRaPw8cl5CAjuF,"Sunidhi Chauhan,Devi Sri Prasad","Saami Saami (From ""Pushpa The Rise Part - 01"")","Saami Saami (From ""Pushpa The Rise Part - 01"")",64,227160,False,0.837,0.801,5,-4.978,0,0.308,0.53,1.03e-06,0.174,0.908,139.894,4,pop-film
07MDkzWARZaLEdKxo6yArG,"THE ANXIETY,WILLOW,Tyler Cole",THE ANXIETY,Meet Me At Our Spot,81,162680,True,0.773,0.47,2,-7.93,1,0.0299,0.0153,0.000193,0.0851,0.399,94.995,4,alternative
3BrWLBC4WYx393yRUOlTih,"THE ANXIETY,WILLOW,Tyler Cole",Meet Me At Our Spot (Live),Meet Me At Our Spot - Live,67,147828,True,0.694,0.475,2,-7.035,1,0.0345,0.159,3.9e-06,0.103,0.391,94.987,4,alternative
1cKHdTo9u0ZymJdPGSh6nq,"The Weeknd,Gesaffelstein","My Dear Melancholy,",I Was Never There,90,241066,False,0.323,0.737,10,-4.008,1,0.0338,0.142,0.000162,0.163,0.155,113.26,4,pop
4jVBIpuOiMj1crqd8LoCrJ,"Travis Scott,Young Thug,M.I.A.",FRANCHISE (feat. Young Thug & M.I.A.),FRANCHISE (feat. Young Thug & M.I.A.),70,202794,True,0.835,0.699,8,-5.405,0,0.277,0.00671,0.0,0.195,0.547,154.981,4,house
6qUabsNxudatEFedWGHoDh,"Travis Scott,Future,Young Thug,M.I.A.","FRANCHISE (feat. Future, Young Thug & M.I.A.) [REMIX]","FRANCHISE (feat. Future, Young Thug & M.I.A.) - REMIX",65,207394,True,0.859,0.77,8,-5.358,0,0.345,0.0056,0.0,0.0731,0.348,155.025,4,house
7t2bFihaDvhIrd2gn2CWJO,"Ty Dolla $ign,The Weeknd,Wiz Khalifa,Mustard","Or Nah (feat. The Weeknd, Wiz Khalifa & DJ Mustard) [Remix]","Or Nah (feat. The Weeknd, Wiz Khalifa & DJ Mustard) - Remix",79,242983,True,0.805,0.33,1,-8.712,0,0.1,0.22,0.0,0.105,0.211,121.97,4,soul
2LskIZrCeLxRvCiGP8gxlh,"XXXTENTACION,Lil Pump,Swae Lee,Maluma",Arms Around You (feat. Maluma & Swae Lee),Arms Around You (feat. Maluma & Swae Lee),70,198902,True,0.703,0.723,9,-5.45,0,0.0412,0.0302,2.06e-06,0.126,0.288,104.969,4,emo
39QJ7KkN3L8LLqQqsO85W1,"Yo Yo Honey Singh,Neha Kakkar,Nushrratt Bharuccha",Saiyaan Ji,Saiyaan Ji,57,205450,False,0.896,0.678,0,-2.546,0,0.0815,0.0137,4.1e-05,0.11,0.604,130.024,4,hip-hop
1IIKrJVP1C9N7iPtG6eOsK,"Chris Brown,Young Thug",Slime & B,Go Crazy,78,176960,True,0.755,0.578,0,-8.932,0,0.145,0.316,0.0,0.25,0.581,94.148,4,dance
